respondent_id,full_name
1,Іванов Іван Іванович
2,Петров Петро Петрович
3,Сидоров Сидір Сидорович
4,Коваленко Олександр Васильович
5,Шевченко Тарас Григорович
6,Павленко Олена Миколаївна
7,Ковальчук Василина Олександрівна
8,Лисенко Марина Іванівна
9,Гриценко Віктор Ігорович
10,Мельник Оксана Сергіївна
11,Симоненко Дмитро Анатолійович
12,Литвиненко Юлія Володимирівна
13,Кравченко Сергій Вікторович
14,Ткаченко Анна Володимирівна
15,Романенко Олексій Володимирович
16,Сергієнко Марія Петрівна
17,Коваленко Максим Ігорович
18,Василенко Олег Степанович
19,Мірошниченко Ірина Андріївна
20,Бондаренко Олександра Олексіївна
21,Тарасенко Андрій Михайлович
22,Панченко Тетяна Сергіївна
23,Морозенко Валентин Іванович
24,Міщенко Дар'я Василівна
25,Савченко Ігор Володимирович
26,Попова Наталія Василівна
27,Солом'яненко Віталій Сергійович
28,Мельниченко Маргарита Петрівна
29,Олійник Олександра Іванівна
30,Коваленко Олексій Миколайович
31,Гончаренко Марія Володимирівна
32,Рибак Микола Михайлович
33,Григоренко Катерина Олексіївна
34,Лебідь Олександр Ігорович
35,Павленко Анастасія Василівна
36,Лисенко Максим Іванович
37,Мазуренко Євгенія Андріївна
38,Пономаренко Іван Анатолійович
39,Бондаренко Марина Василівна
40,Шевченко Володимир Олександрович
41,Тимошенко Оксана Петрівна
42,Кравченко Володимир Сергійович
43,Сергієнко Ксенія Володимирівна
44,Коваленко Юрій Іванович
45,Ковальчук Євгеній Миколайович
46,Литвиненко Віталій Васильович
47,Гриценко Марина Олександрівна
48,Мельник Вікторія Сергіївна
49,Симоненко Сергій Дмитрович
50,Лисенко Олександра Іванівна
51,Кравченко Ігор Олександрович
52,Ткаченко Марія Володимирівна
53,Романенко Олександр Олександрович
54,Сергієнко Марина Петрівна
55,Коваленко Віталій Ігорович
56,Василенко Анастасія Степанівна
57,Мірошниченко Володимир Андрійович
58,Бондаренко Вікторія Олексіївна
59,Тарасенко Дмитро Михайлович
60,Панченко Юлія Сергіївна
61,Морозенко Євген Валерійович
62,Міщенко Вікторія Василівна
63,Савченко Олег Олександрович
64,Попова Марія Василівна
65,Солом'яненко Сергій Сергійович
66,Мельниченко Олена Петрівна
67,Олійник Олександра Іванівна
68,Коваленко Дмитро Миколайович
69,Гончаренко Наталя Володимирівна
70,Рибак Володимир Михайлович
71,Григоренко Олександра Олексіївна
72,Лебідь Ігор Ігорович
73,Павленко Вікторія Василівна
74,Лисенко Олексій Іванович
75,Мазуренко Євгенія Андріївна
76,Пономаренко Анастасія Анатоліївна
77,Бондаренко Ігор Васильович
78,Шевченко Олексій Олександрович
79,Тимошенко Оксана Петрівна
80,Кравченко Володимир Сергійович
81,Сергієнко Ксенія Володимирівна
82,Коваленко Юрій Іванович
83,Ковальчук Євгеній Миколайович
84,Литвиненко Віталій Васильович
85,Гриценко Марина Олександрівна
86,Мельник Вікторія Сергіївна
87,Симоненко Сергій Дмитрович
88,Лисенко Олександра Іванівна
89,Кравченко Ігор Олександрович
90,Ткаченко Марія Володимирівна
91,Романенко Олександр Олександрович
92,Сергієнко Марина Петрівна
93,Коваленко Віталій Ігорович
94,Василенко Анастасія Степанівна
95,Мірошниченко Володимир Андрійович
96,Бондаренко Вікторія Олексіївна
97,Тарасенко Дмитро Михайлович
98,Панченко Юлія Сергіївна
99,Морозенко Євген Валерійович
100,Міщенко Вікторія Василівна
